INSERT INTO PESSOA VALUES ('76372877341', 'ana.paula.teixeira@gmail.com', '911225341', '15/10/1970', 'Ana Paula Gomes Teixeira', 'Rua Coronel Juvencio Carneiro 489', 'Centro', 'Cajazeiras-PB');
INSERT INTO PESSOA VALUES ('21286903661', 'pedro.machado@gmail.com', '403289440', '26/8/1999', 'Pedro Amaral Machado', 'Rua do Comercio, s/n', 'Centro', 'Cajazeiras-PB'); 
INSERT INTO PESSOA VALUES ('44899183488', 'arthur.gomes@uol.com.br', '418757896', '09/5/1978', 'Arthur Ducati Gomes', 'Rua Coronel Juvencio Carneiro 489', 'Centro', 'Cajazeiras-PB');
INSERT INTO PESSOA VALUES ('80304393347', 'gabriela.severo@hotmail.com', '529434121', '03/8/1952', 'Gabriela Machado Severo', 'Rua Coronel Juvencio Carneiro 489', 'Centro', 'Cajazeiras-PB');
INSERT INTO PESSOA VALUES ('71488671001', 'mauro.gomes@globo.com', '429434121', '09/1/1982', 'Mauro Gomes Lacerda', 'Rua Joaquim Lopes Ribeiro 31', 'Centro', 'Ibira-PB');
INSERT INTO PESSOA VALUES ('42244217205', 'laura.amaral@hotmail.com', '418757896', '23/6/1953', 'Laura Gomes Amaral', 'Rua Josefa Ramos Borba', 'Presidente Medici', 'Campina Grande-PB');
INSERT INTO PESSOA VALUES ('19552414571', 'pedro.teixeira@yahoo.com', '629434121', '05/05/1997', 'Pedro Amaral Teixeira', 'Rua Nicola Porto', 'Manaira', 'Joao Pessoa-PB');
INSERT INTO PESSOA VALUES ('16805952026', 'arthur.teixeira@uol.com.br', '911225341', '18/10/1986', 'Arthur Machado Teixeira', 'Rua Manoel Felix', 'Louzeiro', 'Campina Grande-PB');
INSERT INTO PESSOA VALUES ('16805951234', 'jj.teixeira@uol.com.br', '911221334', '14/12/1996', 'Joao Junior Teixeira', 'Rua Manoel Felix', 'Louzeiro', 'Campina Grande-PB');
INSERT INTO PESSOA VALUES ('16805222222', 'amelia@uol.com.br', '255228890', '04/10/1992', 'Amelia Lopes da Silva', 'Rua Manoel Felix', 'Louzeiro', 'Campina Grande-PB');
INSERT INTO PESSOA VALUES ('23345256222', 'rivaldo@uol.com.br', '874322901', '09/07/1989', 'Rivaldo Mangueira dos Santos', 'Rua Manoel Felix', 'Louzeiro', 'Campina Grande-PB');
INSERT INTO PESSOA VALUES ('56845256272', 'francisco@gmail.com.br', '909022901', '29/04/1989', 'Francisco dos Santos', 'Rua Francisco Januario de Lacerda', 'Distrito Industrial', 'Campina Grande-PB');

INSERT INTO CLIENTE VALUES ('76372877341');
INSERT INTO CLIENTE VALUES ('21286903661');
INSERT INTO CLIENTE VALUES ('44899183488');
INSERT INTO CLIENTE VALUES ('80304393347');
INSERT INTO CLIENTE VALUES ('71488671001');
INSERT INTO CLIENTE VALUES ('42244217205');

--- Já que ainda não tem nenhum funcionario alocado, o "CPFGerente" é NULL. ---
INSERT INTO DEPARTAMENTO VALUES(1, 'Financeiro', null);
INSERT INTO DEPARTAMENTO VALUES(2, 'Mecanica', null);
INSERT INTO DEPARTAMENTO VALUES(3, 'Recursos Humanos', null);


INSERT INTO FUNCIONARIO VALUES('42244217205', 1000.00, 'Mecanico','1111-1', 2);
INSERT INTO FUNCIONARIO VALUES('19552414571', 980.00, 'Atendente','2222-1', 1);
INSERT INTO FUNCIONARIO VALUES('16805952026', 1000.00, 'Mecanico','1111-2', 2);
INSERT INTO FUNCIONARIO VALUES('16805951234', 3500.00, 'Gerente','3333-1');
INSERT INTO FUNCIONARIO VALUES('16805222222', 3500.00, 'Gerente','1111-2');
INSERT INTO FUNCIONARIO VALUES('23345256222', 1000.00, 'Mecanico','3333-3', 2);
INSERT INTO FUNCIONARIO VALUES('56845256272', 3500.00, 'Gerente','2222-2', 1);

---Depois de ter adicionado o funcionário, pode ser adicionado o "CPFGerente" na tabela "DEPARTAMENTO". ----
UPDATE DEPARTAMENTO SET CPFGerente = '16805951234' WHERE Codigo = 1;
UPDATE DEPARTAMENTO SET CPFGerente = '16805222222' WHERE Codigo = 2;
UPDATE DEPARTAMENTO SET CPFGerente = '56845256272' WHERE Codigo = 3;

INSERT INTO PESSOATELEFONE VALUES('76372877341','83985476253');
INSERT INTO PESSOATELEFONE VALUES('21286903661','83975016147');
INSERT INTO PESSOATELEFONE VALUES('19552414571','83965046048');
INSERT INTO PESSOATELEFONE VALUES('16805222222','83955946941');
INSERT INTO PESSOATELEFONE VALUES('71488671001','83945696740');
INSERT INTO PESSOATELEFONE VALUES('16805951234','83935556643');


INSERT INTO PONTO VALUES(1, '21/02/2017', '08:01:43', '18:05:34', '16805951234');
INSERT INTO PONTO VALUES(2, '21/02/2017', '08:05:13', '18:01:12', '42244217205');
INSERT INTO PONTO VALUES(3, '21/02/2017', '07:58:50', '18:15:34', '16805222222');
INSERT INTO PONTO VALUES(4, '21/02/2017', '07:59:05', '18:03:31', '56845256272');
INSERT INTO PONTO VALUES(5, '21/02/2017', '08:06:23', '18:00:54', '16805951234');
INSERT INTO PONTO VALUES(6, '21/02/2017', '08:01:12', '18:05:22', '23345256222');

INSERT INTO ESTOQUE VALUES(15, 1);
INSERT INTO ESTOQUE VALUES(5, 2);

INSERT INTO PECAACESSORIO VALUES (1, 'PARA-CHOQUE', 1, 0, 150.00, '2001/2009', 'Wind', 'Corsa');
INSERT INTO PECAACESSORIO VALUES (1, 'PARA-CHOQUE', 2, 0, 150.00, '2001/2009', 'Sedan', 'Corsa');
INSERT INTO PECAACESSORIO VALUES (1, 'PARA-CHOQUE', 3, 0, 150.00, '2001/2009', 'Pick-Up', 'Corsa');
INSERT INTO PECAACESSORIO VALUES (1, 'BATERIA CRAL 60amp', 4, 12, 300.00, 'Universal', 'Universal', 'Universal');
INSERT INTO PECAACESSORIO VALUES (1, 'BATERIA MOURA 90amp', 5, 15, 500.00, 'Universal', 'Universal', 'Universal');
INSERT INTO PECAACESSORIO VALUES (1, 'CAPA BANCO DE COURO', 6, 0, 110.00, 'Universal', 'Universal', 'Universal');
INSERT INTO PECAACESSORIO VALUES (1, 'KIT EMBREAGEM', 7, 0, 800.00, '1995/2000', 'GTI', 'Gol 2.0 16V');
INSERT INTO PECAACESSORIO VALUES (1, 'KIT CABOS VELA', 8, 0, 120.00, '2005/2008', 'Flex', 'Crossfox 1.6 8V');
INSERT INTO PECAACESSORIO VALUES (1, 'PARA-CHOQUE', 9, 0, 100.00, '2006/2014', 'Mille', 'Uno');
INSERT INTO PECAACESSORIO VALUES (1, 'FILTRO DE OLEO', 10, 0, 20.00, '2006/2014', 'Mille', 'Uno');
INSERT INTO PECAACESSORIO VALUES (1, 'FILTRO DE OLEO', 11, 0, 20.00, '2001/2009', 'Wind', 'Corsa');
INSERT INTO PECAACESSORIO VALUES (1, 'FILTRO DE AR', 12, 0, 25.00, '2001/2009', 'Wind', 'Corsa');
INSERT INTO PECAACESSORIO VALUES (1, 'CALOTA', 13, 0, 14.00, '2013/2016', 'JOY/LT/LTZ', 'Onix/Prisma');
INSERT INTO PECAACESSORIO VALUES (1, 'vOLANTE ESPORTIVO', 14, 0, 144.00, '1989/1995', 'G1/G2', 'GOL/GOLF');
INSERT INTO PECAACESSORIO VALUES (1, 'PASTILHA DE FREIO', 15, 0, 40.00, '1994/2008', 'Wind', 'Corsa');
INSERT INTO PECAACESSORIO VALUES (2, 'KIT_170CC', 16, 0, 270.00, '2004/2016', 'KS/ES/ESD', 'TITAN 150');
INSERT INTO PECAACESSORIO VALUES (2, 'KIT_170CC', 17, 0, 220.00, '2009/2014', 'KS/ES/ESD', 'FAN 125');
INSERT INTO PECAACESSORIO VALUES (2, 'PARALAMA', 18, 0, 40.00, '2009/2013', 'KS/ES/ESD', 'TITAN 150');
INSERT INTO PECAACESSORIO VALUES (2, 'PARALAMA', 19, 0, 70.00, '2006/2010', 'YS', 'FAZER 250');
INSERT INTO PECAACESSORIO VALUES (2, 'VELA NGK IRIDIUM', 20, 0, 50.00, '2004/2008', 'YZF', 'YAMAHA 125');

INSERT INTO FUNCIONARIOESTOQUE VALUES('16805951234',1);
INSERT INTO FUNCIONARIOESTOQUE VALUES('42244217205',2);
INSERT INTO FUNCIONARIOESTOQUE VALUES('16805222222',1);
INSERT INTO FUNCIONARIOESTOQUE VALUES('16805222222',2);
INSERT INTO FUNCIONARIOESTOQUE VALUES('23345256222',1);

INSERT INTO FUNCIONARIOPECAACESSORIO VALUES ('16805951234', '19552414571', 1, '09/03/2018');
INSERT INTO FUNCIONARIOPECAACESSORIO VALUES ('16805951234', '42244217205', 1, '08/03/2018');
INSERT INTO FUNCIONARIOPECAACESSORIO VALUES ('16805222222', '56845256272', 17, '04/03/2018');
INSERT INTO FUNCIONARIOPECAACESSORIO VALUES ('16805222222', '23345256222', 20, '06/03/2018');
INSERT INTO FUNCIONARIOPECAACESSORIO VALUES ('16805222222', '19552414571', 3, '06/03/2018');

INSERT INTO PEDIDO VALUES(1,2,'28/03/2017');
INSERT INTO PEDIDO VALUES(2,1,'08/04/2017');
INSERT INTO PEDIDO VALUES(3,2,'02/02/2017');
INSERT INTO PEDIDO VALUES(4,4,'04/03/2017');
INSERT INTO PEDIDO VALUES(5,1,'31/01/2017');
INSERT INTO PEDIDO VALUES(6,2,'10/04/2017');
INSERT INTO PEDIDO VALUES(7,3,'28/03/2017');

INSERT INTO PEDIDOPECAACESSORIO VALUES (1, 1);
INSERT INTO PEDIDOPECAACESSORIO VALUES (2, 17);
INSERT INTO PEDIDOPECAACESSORIO VALUES (3, 18);
INSERT INTO PEDIDOPECAACESSORIO VALUES (4, 20);
INSERT INTO PEDIDOPECAACESSORIO VALUES (5, 3);

INSERT INTO FUNCIONARIOPEDIDO VALUES('16805951234',1);
INSERT INTO FUNCIONARIOPEDIDO VALUES('16805951234',2);
INSERT INTO FUNCIONARIOPEDIDO VALUES('16805951234',3);
INSERT INTO FUNCIONARIOPEDIDO VALUES('16805222222',4);
INSERT INTO FUNCIONARIOPEDIDO VALUES('16805222222',5);
INSERT INTO FUNCIONARIOPEDIDO VALUES('16805222222',6);
INSERT INTO FUNCIONARIOPEDIDO VALUES('16805222222',7);

INSERT INTO FORNECEDOR VALUES ('CONECT_PARTS', 1, '08.677.036/0001-16', 'Rua Carlos Tosin, 1256 - Marília-SP');
INSERT INTO FORNECEDOR VALUES ('TUNING_PARTS', 2, '07.411.410/0001-74', ' Diogenes do Brasil Lobato, 729 - Curitiba-PR');
INSERT INTO FORNECEDOR VALUES ('AZ_ACESSÓRIOS', 3, '20.384.849/0001-13', 'Avenida Gupê - Sítio Gupê, 10767, Barueri-SP');
INSERT INTO FORNECEDOR VALUES ('JOCAR', 4, '43.130.186/0005-30', 'Av. Gal. Edgar Facó, 1225, PIRITUBA - SP');
INSERT INTO FORNECEDOR VALUES ('MARQUINHO_MOTO', 5, '14.710.638/0001-20', 'R. Itaguaí, 22, SANTO ANDRE-SP');

INSERT INTO PEDIDOFORNECEDOR VALUES ('08.677.036/0001-16', 1);
INSERT INTO PEDIDOFORNECEDOR VALUES ('07.411.410/0001-74', 2);
INSERT INTO PEDIDOFORNECEDOR VALUES ('20.384.849/0001-13', 3);
INSERT INTO PEDIDOFORNECEDOR VALUES ('07.411.410/0001-74', 4);
INSERT INTO PEDIDOFORNECEDOR VALUES ('07.411.410/0001-74', 5);

INSERT INTO FORNECEDORTELEFONE VALUES ('07.411.410/0001-74', '1140639263');
INSERT INTO FORNECEDORTELEFONE VALUES ('20.384.849/0001-13', '1196359665');
INSERT INTO FORNECEDORTELEFONE VALUES ('08.677.036/0001-16', '2260635429');
INSERT INTO FORNECEDORTELEFONE VALUES ('43.130.186/0005-30', '3456432456');
INSERT INTO FORNECEDORTELEFONE VALUES ('14.710.638/0001-20', '7875457655');
INSERT INTO FORNECEDORTELEFONE VALUES ('08.677.036/0001-16', '2779935429');

INSERT INTO AGENDAMENTO VALUES (1,'09:00:43','28/03/2017');
INSERT INTO AGENDAMENTO VALUES (2,'08:00:37','08/04/2017');
INSERT INTO AGENDAMENTO VALUES (3,'10:00:16','02/02/2017');
INSERT INTO AGENDAMENTO VALUES (4,'14:00:25','02/02/2017');
INSERT INTO AGENDAMENTO VALUES (5,'15:00:12','10/04/2017');
INSERT INTO AGENDAMENTO VALUES (6,'14:30:53','28/03/2017');

INSERT INTO AGENDAPECAACESSORIO VALUES (1, 1);
INSERT INTO AGENDAPECAACESSORIO VALUES (2, 5);
INSERT INTO AGENDAPECAACESSORIO VALUES (3, 10);
INSERT INTO AGENDAPECAACESSORIO VALUES (4, 15);
INSERT INTO AGENDAPECAACESSORIO VALUES (5, 17);

INSERT INTO FUNCIONARIOAGENDA VALUES('42244217205', 1, true);
INSERT INTO FUNCIONARIOAGENDA VALUES('23345256222', 2, false);
INSERT INTO FUNCIONARIOAGENDA VALUES('16805952026', 3, true);
INSERT INTO FUNCIONARIOAGENDA VALUES('42244217205', 4, false);
INSERT INTO FUNCIONARIOAGENDA VALUES('16805952026', 5, true);
INSERT INTO FUNCIONARIOAGENDA VALUES('23345256222', 6, true);

INSERT INTO CLIENTEAGENDA VALUES('76372877341',1,'28/03/2017','09:00:43');
INSERT INTO CLIENTEAGENDA VALUES('21286903661',2,'08/04/2017','08:00:37');
INSERT INTO CLIENTEAGENDA VALUES('44899183488',3,'02/02/2017','10:00:16');
INSERT INTO CLIENTEAGENDA VALUES('80304393347',4,'02/02/2017','14:00:25');
INSERT INTO CLIENTEAGENDA VALUES('71488671001',5,'10/04/2017','15:00:12');
INSERT INTO CLIENTEAGENDA VALUES('42244217205',6,'28/03/2017','14:30:53');

INSERT INTO PAGAMENTO VALUES(1,'18/03/2017','09:00:00');
INSERT INTO PAGAMENTO VALUES(2,'20/02/2017','14:35:12');
INSERT INTO PAGAMENTO VALUES(3,'22/03/2017','13:00:31');
INSERT INTO PAGAMENTO VALUES(4,'24/03/2017','08:40:43');
INSERT INTO PAGAMENTO VALUES(5,'12/05/2017','10:00:33');
INSERT INTO PAGAMENTO VALUES(6,'15/02/2017','15:55:09');
INSERT INTO PAGAMENTO VALUES(7,'16/02/2017','15:30:39');
INSERT INTO PAGAMENTO VALUES(8,'15/03/2017','13:40:07');
INSERT INTO PAGAMENTO VALUES(9,'14/03/2017','14:50:20');
INSERT INTO PAGAMENTO VALUES(10,'18/03/2017','15:50:02');
INSERT INTO PAGAMENTO VALUES(11,'16/03/2017','10:46:52');

INSERT INTO CARTAO VALUES('4930414336156773','Visa','Ana Paula Gomes Teixeira');
INSERT INTO CARTAO VALUES('4976180235759489','MasterCard','Pedro Amaral Machado');
INSERT INTO CARTAO VALUES('4929008589212441','Discover','Arthur Ducati Gomes');
INSERT INTO CARTAO VALUES('4539742327768676','Visa','Laura Gomes Amaral');
INSERT INTO CARTAO VALUES('4916485425662614','MasterCard','Mauro Gomes Lacerda');
INSERT INTO CARTAO VALUES('4539301989038736','MasterCard','Gabriela Machado Severo');

INSERT INTO VENDACARTAO VALUES(1,0,'4930414336156773',500.00);
INSERT INTO VENDACARTAO VALUES(2,4,'4976180235759489',150.00);
INSERT INTO VENDACARTAO VALUES(3,2,'4539742327768676',800.00);
INSERT INTO VENDACARTAO VALUES(4,0,'4929008589212441',120.00);
INSERT INTO VENDACARTAO VALUES(5,2,'4539301989038736',144.00);
INSERT INTO VENDACARTAO VALUES(6,3,'4916485425662614',270.00);

INSERT INTO CLIENTEPAGAMENTO VALUES('76372877341',1);
INSERT INTO CLIENTEPAGAMENTO VALUES('21286903661',2);
INSERT INTO CLIENTEPAGAMENTO VALUES('44899183488',4);
INSERT INTO CLIENTEPAGAMENTO VALUES('42244217205',3);
INSERT INTO CLIENTEPAGAMENTO VALUES('71488671001',6);
INSERT INTO CLIENTEPAGAMENTO VALUES('80304393347',5);

INSERT INTO VENDACHEQUE VALUES(7,'Francisco dos Santos','245038973137202885800276967141','28/02/2017','Brasil',920.00);
INSERT INTO VENDACHEQUE VALUES(11,'Francisco dos Santos','543389090015202885800276967141','27/02/2017','Brasil',140.00);
INSERT INTO VENDACHEQUE VALUES(8,'Rivaldo Mangueira dos Santos','723867865836926635210917648342','30/03/2017','Caixa Econômica',70.00);
INSERT INTO VENDACHEQUE VALUES(9,'João Júnior Teixeira','652276622451144495237085480117','30/03/2017','Bradesco',90.00);
INSERT INTO VENDACHEQUE VALUES(10,'João Júnior Teixeira','679450022451144495237085480117','31/03/2017','Bradesco',20.00);

INSERT INTO FORNECEDORPECAACESSORIO VALUES ('07.411.410/0001-74', 1);
INSERT INTO FORNECEDORPECAACESSORIO VALUES ('20.384.849/0001-13', 3);
INSERT INTO FORNECEDORPECAACESSORIO VALUES ('08.677.036/0001-16', 6);
INSERT INTO FORNECEDORPECAACESSORIO VALUES ('43.130.186/0005-30', 9);
INSERT INTO FORNECEDORPECAACESSORIO VALUES ('14.710.638/0001-20', 16);
INSERT INTO FORNECEDORPECAACESSORIO VALUES ('14.710.638/0001-20', 17);